{"cameraMode":{"drawMode":0,"name":"Shaded","section":"Shading Mode"},"sceneLighting":false,"audioPlay":false,"sceneViewState":{"m_AlwaysRefresh":false,"showFog":true,"showSkybox":true,"showFlares":true,"showImageEffects":true,"showParticleSystems":true,"showVisualEffectGraphs":true,"m_FxEnabled":true},"in2DMode":false,"pivot":{"x":3.0648257732391359,"y":1.2490569353103638,"z":6.271239757537842},"rotation":{"x":0.05131332203745842,"y":0.23175762593746186,"z":-0.01204698346555233,"w":0.9713528752326965},"size":5.572124481201172,"orthographic":false}